id;nombre;primer_apellido;segundo_apellido;fecha_nacimiento;edad;curp
1;animated eek;brr times;drat apropos;2024-07-30;85;xMrzJ/5Hz8SK9p3tt51j3H+l6AY2dK7s
2;peak;after;opponent inconsequential so;2024-07-30;70;Py+uaeF5cYt6SB49hHwdP/gXFVcZTuIThk/MTys8Suw=
3;kookily;which carelessly circa;mad internalise;2024-07-30;28;xMrzJ/5Hz8SK9p3tt51j3H+l6AY2dK7s
4;gripper;husband sharply though;choker pro;2024-07-30;15;+vgHdsGrhNkcHd1iQSwB3kMyq979hwtK
5;midst millet;decent;woot;2024-07-30;25;xMrzJ/5Hz8SK9p3tt51j3H+l6AY2dK7s
6;growing;diligent lurch;wiry though duplicate;2024-07-30;5;Py+uaeF5cYt6SB49hHwdP/gXFVcZTuIThk/MTys8Suw=
7;nor;since inasmuch blissfully;adventurously forked across;2024-07-30;21;xMrzJ/5Hz8SK9p3tt51j3H+l6AY2dK7s
8;bashfully;exceed now;and psst against;2024-07-30;40;Py+uaeF5cYt6SB49hHwdP/gXFVcZTuIThk/MTys8Suw=
9;ack;absentmindedly ouch silently;yahoo award finish;2024-07-30;4;xMrzJ/5Hz8SK9p3tt51j3H+l6AY2dK7s
10;blog adolescent worried;blemish;gadzooks guess;2024-07-30;65;+vgHdsGrhNkcHd1iQSwB3kMyq979hwtK
